Timestamp,متن‌تون رو اینجا بنویسید,,مشکل یا بیماری (cnd),شهر (cty),محله (nhd),تخصص پزشک (spy),جنسیت پزشک (gnd),نوع خدمت (src),درجه علمی (srt),نوع ویزیت (vtp),بیمه طرف قرارداد (inc),اولین نوبت آزاد (apt),میزان معطلی در مطب (wtt),ویژگی اخلاقی (trt)
8/27/2024 14:13:09,سلام یک دکتر فوق تخصص زنان خانوم تو اصفهان سمت چهارباغ بالا میخوام که کارش خوب باشه و اکثرا ازش راضی بوده باشن و برای فردا بهم نوبت بده و تایم انتظار توی مطب کمتر از نیم ساعت باشه,"O,O,O,B-srt,I-srt,B-spy,B-gnd,O,B-cty,O,B-nhd,I-nhd,O,O,O,B-trt,O,O,O,O,B-trt,O,O,O,O,B-apt,O,O,O,O,O,O,O,B-wtt,I-wtt,I-wtt,I-wtt,O",,اصفهان,چهارباغ بالا ,زنان,خانم,,فوق تخصص,,,فردا,کمتر از نیم ساعت ,خوب راضی
8/27/2024 17:32:43,سلام. یک متخصص مو داخل قم سمت پارک ملی برام پیدا کن که معاینه م کنه و مشکل ریزش مو رو حضوری کامل برام حل کنه برام و اطلاعات کافی برای نگهداری مو هام رو بهم بده و حداکثز نیم ساعت اتلاف وقت داشته باشه.,"O,O,O,B-srt,B-spy,O,B-cty,O,B-nhd,I-nhd,O,O,O,O,O,O,O,O,O,B-cnd,I-cnd,O,B-vtp,O,O,O,O,O,O,O,O,O",ریزش مو,قم,پارک ملی,مو,,معاینه,متخصص,حضوری,,,حداکثر نیم ساعت,
8/27/2024 17:32:43,سلام. یک تخصص پوست و مو مرد درون قم سمت پارک ملی برام پیدا کن که همین ماه مشکل ریزش مو رو کامل حل کنه برام و اطلاعات کافی برای نگهداری مو هام رو بهم بده و به بیمارش توجه کافی داشته باشه.,,ریزش مو,قم,پارک ملی,پوست و مو,مرد ,,تخصص,,,همین ماه,,توجه کافی
8/27/2024 17:38:05,سلام، یک متخصص تغذیه شهر علویجه معرفی کن با تامین اجتماعی قرارداد داشته باشه و برای لاغری کارش معتبر باشه.,,لاغری,علویجه,,تغذیه,,,تخصص,,تامین اجتماعی ,,,معتبر
8/27/2024 17:38:05,سلام، یک متخصص تغذیه مرد شهر گراش معرفی کن برای مشکل چاقی معروف باشه و شنبه ساعت 8 صبح بهم نوبت بده 15 دقیقه میتونم تو مطب منتظر بمونم.,,چاقی,گراش,,تغذیه,مرد,,تخصص,,,شنبه ساعت ۸ صبح,۱۵ دقیقه,بلد
8/27/2024 17:38:05,سلام، یک پزشک عمومی تو یاسوج معرفی کن برای حساسیت فصلی,,حساسیت فصلی,یاسوج,,عمومی,,,,,,,,
8/27/2024 18:44:37,دنبال یک خانم دکتر شوخ میگردم برای کمک به سردردم در شهر اصفهان به‌صورت آنلاین,,سردرد,اصفهان,,,خانم,,,آنلاین,,,,شوخ
8/27/2024 22:50:25,سلام یه دکتر متخصص سمت سینما سعدی شیراز واسه معده درد بهم معرفی کن که تا فردا بهم نوبت بده و طرف قرارداد بیمه بانک ملی باشه. ترجیحا بیشتر از یک ساعت تو مطب معطل نشم,,معده درد,شیراز,سینما سعدی,,,,متخصص,,بانک ملی,فردا,یک ساعت,
8/27/2024 22:59:16,سلام. لطفا یه دندانپزشک فوق تخصص عصب‌کشی خانم تو اصفهان نزدیک محله کاوه پیدا کن که باحوصله باشه و با بیماری که ترس زیاد داره راه بیاد، و مطبش با بیمه تامین اجتماعی یا نیروهای مسلح طرف قرارداد باشه. کارم فوری هست، اولین نوبتش حداقل تا یکی دو روز آینده باشه. ,,,اصفهان,کاوه,دندانپزشک,خانم,عصب‌کشی,فوق تخصص,,تامین اجتماعی، نیروهای مسلح,یکی دو روز آینده,,باحوصله، ترس زیاد راه بیاد
8/27/2024 23:04:37,سلام برای من یک پزشک برای مشکل بوی دهان پیدا کن ,,بوی دهان,,,,,,,,,,,
8/27/2024 23:04:59,لطفا یه متخصص اطفال برای سرماخوردگی تو اصفهان نزدیک محله برازنده پیدا کن که توی کارش حرفه‌ای و شهره باشه. طرف قرار داد با نیروهای مسلح باشه. معطلی توی مطبش کمتر از نیم ساعت باشه و اولین نوبت آزادش برای امروز باشه.,,سرماخوردگی,اصفهان ,برازنده,اطفال,,,متخصص ,,نیروهای مسلح ,امروز,کمتر از نیم ساعت,حرفه‌ای و شهره
8/27/2024 23:13:44,سلام چشم پزشک متخصصی که خوش اخلاق باشه با ویزیت آنلاین توی اصفهان نزدیک دانشگاه پيدا کن. نوبت دهیش حداکثر تا 7 روز آینده باشه.,,,اصفهان ,دانشگاه ,چشم پزشک,,,متخصص,آنلاین ,,7 روز آینده,,خوش اخلاق 
8/27/2024 23:38:29,توی لار برام فوق تخصص گوش و حلق و بینی آقا و مهربون پیدا کن,,,لار,,گوش و حلق و بینی,آقا,,فوق تخصص,,,,,مهربون
8/27/2024 23:42:45,دنبال یه پزشک اطفال خانم و با سابقه در مشهد نزدیک حرم میگردم که امروز دخترم رو ویزیت کنه,,,مشهد,نزدیک حرم,اطفال,خانم,ویزیت,,,,امروز,,با سابقه
8/27/2024 23:57:35,یه دکتر خوب برای میگرن تو اصفهان سمت هزارجریب برام پیدا کن که کارش رو خوب بلد باشه,,میگرن,اصفهان,هزارجریب,,,,,,,,,خوب بلد
8/28/2024 0:06:25,سلام.یک فوق تخصص پوست مرد شیرازی برای بلفاروپلاستی و لیزر صورت پیدا کن که سمت عفیف آباد باشه و خوش برخورد و مهربان باشه. و تحت پوشش  بیمه تجارت باشه و حدود  نیم ساعت بیشتر تو مطب منتظر نمونم.,,,شیراز,عفیف آباد,پوست و مو,مرد,بلفاروپلاستی و لیزر صورت,فوق تخصص,,بانک ملی,,حدود  نیم ساعت,خوش برخورد و مهربان
8/28/2024 0:06:25,سلام.یک فوق تخصص پوست خانوم واسه هفته آینده توی شیراز برام پیدا کن که طرفای باغ حوض بشینه و خیلی ماهر و  خوش برخورد باشه. و تحت پوشش  بیمه  بانک باشه,,,شیراز,باغ حوض,پوست,خانوم,,فوق تخصص,,بانک ملی,هفته آینده,,خیلی ماهر خوش برخورد
8/28/2024 0:06:25,سلام.یه پزشک پوست مجرب در یزد برای افتادگی پلک بالا و جای جوش پیدا کن,,افتادگی پلک بالا و جای جوش,یزد,,پوست,,,,,,,,مجرب
8/28/2024 0:54:49,با سلام لطفاً پزشک زن فوق تخصص زنان و زایمان در شیراز در خیابان زند   معرفی کنید که قادر به جراحی عمل فیبروم  در بیمارستان دولتی باشد .با تجربه و مهارت بالا و  خوش اخلاق  بین نیم ساعت تا چهل و پنج دقیقه معطلی قابل قبول است.,,فیبروم,شیراز,خیابان زند,زنان و زایمان,زن,جراحی,فوق تخصص,,,, بین نیم ساعت تا چهل و پنج دقیقه,با تجربه، مهارت بالا، خوش اخلاق
8/28/2024 0:54:49,با سلام لطفاً پزشک زنان و زایمان در شیراز در خیابان صورتگر معرفی کنید که در بیمارستان دولتی لاپاروسکوپی انجام دهد .با تجربه و دارای بورد تخصصی. و بیمه سینا قبول کند,,,شیراز,خیابان صورتگر,زنان و زایمان,,لاپاروسکوپی,بورد تخصصی,,سینا,,,با تجربه
8/28/2024 0:54:49,با سلام لطفاً جراح زیبایی تبریزی معرفی کنید که در هفته آینده برام معاینه غیرحضوری انجام دهد,,,تبریز,,جراح زیبایی,,معاینه,,غیرحضوری,,هفته آینده ,,
8/28/2024 4:18:48,من یک دکتر عمومی برای گلودرد میخواستم در شهر اردبیل که دارای ویزیت مجازی باشه و با بیمه تامین اجتماعی قرارداد داشته باشه,,گلودرد,اردبیل,,عمومی,,ویزیت,,مجازی,تامین اجتماعی,,,
8/28/2024 7:37:05,سلام یک متخصص گوارش تو اصفهان سمت هزارجریب پیدا کن که  باحوصله باشه و برای هفته دیگه نوبت بده,,,اصفهان,هزارجریب,گوارش,,,,,,هفته دیگه,,باحوصله
8/28/2024 7:37:05,سلام من نفخ کردم یک بانوی متخصص گوارش تو گرگان پیدا کن که تجربه زیادی داشته باشه  و برای سه هفته بعد نوبت بده,,نفخ,گرگان,,گوارش,بانو,,,,,سه هفته بعد,,تجربه زیاد
8/28/2024 10:53:23,یه دندانپزشک فوق تخصص آقای ماهر برای عصب کشی تو اصفهان سمت شهدا که کارش خوب باشه و طرف قرداد بیمه تامین اجتماعی باشه. ,,,اصفهان ,شهدا ,فوق تخصص,آقا,عصب کشی,,,تامین اجتماعی,,,ماهر
8/28/2024 14:09:04,یه روانپزشک تو مشهد طرفای وکیل‌آباد پیدا کن که بدون اذیت راحت برام آسنترا تجویز کنه چون داروخونه بدون نسخه اینو نمیده و منم خیلی دچار افسردگی شدم هر جایی هم میرم اینو تجویز نمیکنن میگن توصیه نمیشه. ترجیحا آقا باشه,,افسردگی,مشهد,وکیل‌آباد,روانپزشک,آقا,آسنترا تجویز,,,,,,بدون اذیت
8/28/2024 14:11:51,دنبال یه دندونپزشک میگردم که دندون آسیا رو برام با کمترین قیمت پر کنه متریالش هم هر چی بود مهم نیست. تو مشهد باشه طرفای سناباد. آقا باشه,,,مشهد,سناباد,دندونپزشک,آقا,دندون آسیا پر کنه,,,,,,
8/28/2024 14:12:32,سلام یک دکتر زیبایی میخوام اطراف هاشمیه مشهد که برای بیمار عرب هم خدمات قبلا انجام داده باشه,,,مشهد,هاشمیه,زیبایی,,,,,,,,
8/28/2024 14:32:35,سلام. می‌خوام که که برم پیش یک دکتر متخصص داخلی که درباره‌ی کبدم باهاش صحبت بکنم و ببینم که کبدم چرب هست یا نه. لطفا متخصصی در مشهد برام پیدا کن که بتونم این کار رو به‌صورت حضوری باهاش انجام بدم.  نمی‌خوام که از نظر زمانی خیلی تو نوبت باشم حداکثر 2 ساعت میتونم برای این کار وقت بذارم. پزشکی که بهم پیشنهاد میدی از نظر مکانی نزدیک امامت باشه.,,کبد چرب,مشهد,امامت,داخلی,,صحبت,متخصص,حضوری,,,2 ساعت,
8/28/2024 15:09:41,یه جراح قلب بامرام میخوام,,,,,جراح قلب,,,,,,,,بامرام
8/28/2024 15:30:50,یک دکتر متخصص حلق و گوش و بینی خوب در اصفهان خیابان امادگاه بهم معرفی کن که بهم مشاوره برای عمل لوزه سوم بده و سابقه خوبی داشته باشه و بیمارانی که بهش مراجعه کردن ازش راضی بوده باشند.,,,اصفهان ,امادگاه ,حلق و گوش و بینی , ,مشاوره عمل لوزه سوم,متخصص,,,,,سابقه خوب بیمار راضی
8/28/2024 17:02:07,سلام درد کتف دارم توی مشهد محله باهنر یک پزشک ارتوپد مذکر که دکتری تخصصی داشته باشه و مطبش 8 صبح بهم آنلاین نوبت بده و کمتر از ده دقیقه معطلی داشته باشم پیدا کن. بیمه پاسارگاد قبول کنه و دقیق باشه,,درد کتف,مشهد,باهنر,ارتوپد,مذکر,,دکتری تخصصی,آنلاین,پاسارگاد,8 صبح,کمتر از ده دقیقه,دقیق
8/28/2024 17:02:07,سلام یک پزشک ارتوپد که مطبش صبح زود باز باشه و کمترین معطلی رو داشته باشم پیدا کن.,,,,,ارتوپد,,,,,,صبح زود,کمترین معطلی,
8/28/2024 18:03:39,سلام یک دکتر مرد فوق تخصص اطفال خوش رو و صبور در مشهد پیدا کن که امروز منو حضوری ویزیت کنه بیشتر از 20 دقیقه معطلم نکنه و با بیمه تامین اجتماعی قرارداد داشته باشه.,,,مشهد,,اطفال,مرد,ویزیت,فوق تخصص,حضوری,تامین اجتماعی,امروز,۲۰ دقیقه ,خوش رو و صبور
8/28/2024 20:13:01,سلام .یک   فوق تخصص مغز و اعصاب توی لارستان فارس  برای درمان میگرن  برام پیدا کن که بتونم  طی دو روز آینده حضوری ویزیت بشم و طرف قرار داد بانک ملی  باشه و خوش برخورد و با تجربه باشه ,,میگرن,لارستان فارس,,فوق تخصص مغز و اعصاب,,ویزیت,فوق تخصص,حضوری,بانک ملی,دو روز آینده,,خوش برخورد و با تجربه
8/28/2024 20:15:07,سلام یک خانم چشم پزشک فوق تخصص خوب تو شیراز سمت ارم پیدا کن که برای لیزر بهم 30 شهریور مشاوره مجازی بده چشمم دوربینه. طرف قرارداد تأمین اجتماعی و خوش اخلاق و شوخ باشه ,,دوربین,شیراز ,ارم,چشم پزشک,خانم,لیزر,فوق تخصص,مجازی,تأمین اجتماعی ,۳۰شهریور,کمتر از نیم ساعت,خوب، خوش اخلاق شوخ
8/28/2024 20:36:59,سلام. یک دندون پزشک تو اصفهان سمت چهارباغ عباسی برام پیدا کن که کامپوزیت برای از بین بردن فاصله بین دندان ها انجام بده و اولین نوبت آزاد فردا ویزیت حضوری بشم و کمتر از یک ساعت معطل شم و خوش اخلاق و با حوصله باشه,,فاصله بین دندان ها,اصفهان,چهارباغ عباسی,,,کامپوزیت,,حضوری,,فردا,کمتر از یک ساعت,خوش اخلاق و با حوصله
8/28/2024 20:41:53,سلام یک فوق تخصص  اورولوژی  توی شیراز ، خیابان زند،برای درمان سنگ کلیه برام پیدا کن که  در اسرع وقت ،حضوری ویزیت بشم  و طرف قرار داد تامین اجتماعی باشه و  کمتر از نیم ساعت ویزیت بشم .,,سنگ کلیه,شیراز,خیابان زند,اورولوژی,,,فوق تخصص,حضوری,تامین اجتماعی,در اسرع وقت,کمتر از نیم ساعت,
8/28/2024 21:06:39,سلام یک متخصص جراح ترجیحا آقا توی شیراز بلوار کریم خان زند برام پیدا کن که طرف قرارداد بانک ملی باشه و مشکل انسداد روده من رو رفع کنه حداکثر تا فردا بتونه من رو بصورت حضوری ویزیت کنه ,,انسداد روده ,شیراز ,بلوار کریم خان زند,جراح,آقا,,متخصص ,حضوری ,بانک ملی ,فردا,,
8/28/2024 21:18:15,سلام. یه دکتر تخصص خوب و با تجربه خوب و خوش اخلاق میخوام که بتونه مشکل ناراحتی معده رو حل کنه. شیراز باشه و سمت باهنر جنوبی باشه. صبح زود هم بشینه و نوبت دهی آنلاین هم داشته باشه. بیمه هم قبول کنه. بیشتر از یک ساعت معطل نشم.,,ناراحتی معده ,شیراز,باهنر جنوبی,,,,تخصص ,آنلاین ,,,یک ساعت,خوب، باتجربه خوب، خوش اخلاق
8/28/2024 21:30:48,سلام من یک دندون پزشک خانم در کرمان به سمت بلوار پزشک میخوام که قبل 29 شهریور ارتودنسی انجام بده کمتر از یک ساعت نگهم داره,,,کرمان,بلوار پزشک,دندون پزشک,خانم,ارتودنستی,,,,۲۹ شهریور,کمتر از یک ساعت,
8/28/2024 21:30:48,سلام من یک دندون پزشک فوق تخصص برای کج بودن دندان در اراک به سمت میدان امام میخوام که خوش اخلاق باشه و ارتودنسی انجام بده و بیمه دانا قبول کنه,,کج بودن دندان,اراک,میدان امام,دندون پزشک,,ارتودنستی,فوق تخصص,,دانا,,,خوش اخلاق
8/28/2024 21:33:51,سلام یک فوق تخصص گوارش زن توی جهرم  به من معرفی کن برای مشکل معده درد طرف قرارداد بانک ملت باشه و امروز من رو بصورت حضوری ویزیت کنه نیم ساعت معطل بشم فقط,,معده درد,جهرم ,, گوارش ,زن,آندوسکوپی,فوق تخصص ,حضوری ,بانک ملت,امروز,نیم ساعت ,
8/28/2024 21:36:13,‌سلام یک دکتر مغز و اعصاب فوق تخصص برای میگرن ویزیت تلفنی خیلی معطل نشم و پزشک آرام شوخ طبع و مهربونی باشه . بیمه ام تامین اجتماعیه,,میگرن,,,مغز و اعصاب ,,,فوق تخصص,تلفنی,تامین اجتماعی,,,مهربان و شوخ طبع و ارام 
8/28/2024 21:36:46,سلام یک چشم پزشک خانم در بندرعباس به سمت چهار راه مرادی میخوام که خوش اخلاق و شوخ باشد,,,بندرعباس,چهار راه مرادی,,خانم,,,,,,,خوش اخلاق، شوخ
8/28/2024 21:36:46,چشمم ضعیف شده یه بینایی سنجی در کیش میخوام که تا آخر شهریور,,چشم ضعیف,کیش,,بینایی سنجی,,,,,دانا,آخر شهریور,کمتر از یک ساعت,
8/28/2024 21:39:49,سلام یک متخصص  گوش و حلق و بینی  برای  اختلالات گوش میانی  توی  کلاردشت  برام پیدا کن که  حداکثر تا ۱۵ شهریور ۱۴۰۳منو به صورت  حضوری ویزیت کنه و طرف قرار داد بیمه سلامت باشه   و کمتر از یک ساعت در مطب معطل بشم .,,اختلالات گوش میانی,کلاردشت,,گوش و حلق و بینی,,ویزیت,متخصص,حضوری,سلامت,۱۵ شهریور ۱۴۰۳,کمتر از یک ساعت,
8/28/2024 21:52:43,سلام .یک خانم  متخصص غدد  خوش برخورد در شهر قزوین  که دارای بورد  تخصصی باشد ،برای درمان کم کاری تیروئید برام پیدا کن که طرف قرارداد بیمه ارتش باشد و به صورت آنلاین و حداکثر تا فردا  منو ویزیت کنه ,,کم کاری تیروئید ,قزوین ,,غدد,خانم,ویزیت,متخصص,آنلاین,ارتش,فردا ,,خوش برخورد
8/28/2024 22:11:26,سلام ، یک دندانپزشک تو شیراز سمت فرگاز برام پیدا کن که جرم گیری کنم و اولین نوبت آزاد فردا باشه و زیاد معطل نشم و خوش اخلاق باشه,,,شیراز ,فرگاز,دندانپزشک,,جرم گیری,,,,فردا,,خوش اخلاق 
8/28/2024 22:19:52,سلام. یک چشم پزشک فوق تخصص آقا تو رشت سمت میدون شهرداری برام پیدا کن که عمل جراحی چشم برای برداشتن عینک انجام بده  و حضوری ویزیتم کنه و اولین نوبت آزادش فردا و میزان معطلی تو مطبش کمتر از نیم ساعت باشه و خوش قیافه باشه.,,,رشت,میدون شهرداری ,چشم پزشک,آقا ,عمل جراحی چشم برای برداشتن عینک,فوق تخصص ,حضوری,,فردا,کمتر از نیم ساعت,خوش قیافه
8/28/2024 22:43:40,سلام.برای پارگی شبکیه چشم یک پزشک  فوق تخصص مرد تو شیراز برام پیدا کن که کارش خوب باشه,,پارگی شبکیه چشم,شیراز,,,مرد,,فوق تخصص ,,,,,کار خوب
8/28/2024 22:46:54,سلام یک روان پزشک خانوم تو یزد برام پیدا کن که توانمند باشه و با حوصله باشه,,,یزد,,روانپزشک,خانوم,,,,,,,توانمند، با حوصله
8/28/2024 23:18:24,متخصص روماتولوژی با تجربه چند ساله در مشهد برای ویزیت بیمار با نقرس که بیمه تامین اجتماعی هم قبول کند و در هفته جاری وقت داشته باشد پیدا کن,,نقرس,مشهد,,روماتولوژی,,,,ویزیت ,تامین اجتماعی,هفته جاری,,تجربه چند ساله
8/28/2024 23:18:32,سلام. یک ارتوپد متخصص یا فوق تخصص تو شاهرود سمت بیست و دو بهمن واسه این هفته برام پیدا کن که خوش اخلاق و با حوصله باشه و از در تشخیص بیماری خوب عمل کنه و میزان معطلی در مطب کمتر از یک ساعت باشه,,,شاهرود,بیست و دو بهمن,ارتوپد,,,متخصص یا فوق تخصص,حضوری,,این هفته,کمتر از یک ساعت,خوش اخلاق و با حوصله
8/28/2024 23:23:48,پزشک فوق تخصص اورولوژی مجرب برای عمل سنگ مثانه که در تهران باشه (غیر جنوب تهران)  و حداکثر تا یک ماه دیگه وقت عمل داشته باشه,,,تهران,غیر جنوب تهران,اورولوژی,,عمل سنگ مثانه,فوق تخصص,,,حداکثر یک ماه دیگه,,مجرب
8/28/2024 23:35:29,سلام.لطفا برای فردا برام از یک فوق تخصص قلب و عروق که خوش اخلاق باشه،  تو تهران خیابون ولیعصر نوبت بگیر که نوار قلب بگیره و بیمه تامین اجتماعی رو پوشش بده .,,,تهران,خیابون ولیعصر,قلب و عروق,,نوار قلب,فوق تخصص,,تامین اجتماعی,فردا,,خوش اخلاق
8/28/2024 23:42:01,سلام آدرس یک چشم پزشک کاربلد سمت چهارراه دانشگاه که برای فردا وقت بده ,,,,چهارراه دانشگاه,چشم پزشک,,,,,,فردا,,کاربلد
8/28/2024 23:42:01,سلام آدرس یک مرد چشم پزشک فوق تخصص کاربلد سمت چهارراه دانشگاه بندرعباس که برای فردا وقت بده رو میخوام واسه معاینه و نسخه واسه عینک جدید که بیمه البرز ساپورت کنه و کمتر از یک ساعت منتظرم بذاره,,,بندرعباس,دانشگاه,چشم پزشکی,مرد,معاینه و نسخه واسه عینک جدید ,فوق تخصص,,البرز,فردا,کمتر از یک ساعت,
8/29/2024 0:37:36,سلام یک متخصص ارتوپد سمت زند لطفا معرفی کنید حاذق باشه و بیمه تامین اجتماعی قبول کنه و زود نوبت بده,,,,زند,ارتوپد ,,,متخصص,,تامین اجتماعی,,,حاذق
8/29/2024 0:58:55,سلام. لطفا یک ارتوپد آقا تو لار تو سی متری هلال احمر برام پیدا کن که ریپورت MRI من رو تفسیر کنه و خوش اخلاق باشه,,,لار,سی متری هلال احمر,ارتوپد,آقا,ریپورت MRI تفسیر,,,,,,خوش اخلاق
8/29/2024 1:19:42,سلام یک دکتر جراح مغز و اعصاب تو شیراز برام پیدا کن,,,شیراز,,جراح مغز و اعصاب,,,,,,,,
8/29/2024 1:19:42,سلام برای کیست در گردن در اسرع وقت یک دکتر تو شیراز برام پیدا کن که بیمه تامین اجتماعی قبول کنه,,کیست در گردن,شیراز,,,,,,,تامین اجتماعی ,در اسرع وقت,,
8/29/2024 1:32:11,سلام. یک دکتر متخصص ارولوژی در تهران، اطراف دانشگاه علم و صنعت پیدا کن که آدم با تجربه ای باشه.,,,تهران,دانشگاه علم و صنعت,ارولوژی,,,متخصص,,,,,با تجربه
8/29/2024 1:32:11,سلام. واسه التهاب پروستات یک ارولوژیست در تهرانپارس پیدا کن که آدم با تجربه ای باشه.,,التهاب پروستات,,تهرانپارس,ارولوژی,,,,,,,,با تجربه
8/29/2024 10:28:14,کمر درد دارم,,کمر درد,,,,,,,,,,,
8/29/2024 10:28:14,کمرم درد میکنه یه ارتوپد مرد توی لار برام پیدا کن,,کمر درد,لار,,ارتوپد,مرد,,,,,,,
8/29/2024 11:37:05,سلام یک متخصص تغذیه بهم که اکثر مراجعه کننده هایش ازش راضی باشن و یک فرد مشهور باشد را در اصفهان بهم معرفی کن,,,اصفهان,,تغذیه,,,متخصص,,,,,مراجعه کننده راضی، مشهور
8/29/2024 13:44:20,برای چشم درد و تنگی زاویه دید یک دکتر فوق تخصص در شهرک بوستان شهر لارستان که حضوری ویزیتم کنه و با بیمه تامین اجتماعی کار کنه پیدا کن,,چشم درد و تنگی زاویه دید,لارستان ,شهرک بوستان ,,,,فوق تخصص ,حضوری,تامین اجتماعی ,,,
8/29/2024 14:00:42,سلام یک دکتر گوارش تو اصفهان برام پیدا کن که آندوسکوپی انجام بده و خوش اخلاق باشه,,,اصفهان ,,گوارش,,آندوسکوپی ,,,,,,خوش اخلاق
8/30/2024 11:08:55,لطفا یک پزشک ارتوپد  خوب تو شیراز سمت خیابان معدل برام پیدا کن که بتونه مشکل زانو درد من رو بدون معطلی در مطب  حل کنه و خوش اخلاق باشه .,,زانو درد ,شیراز,خیابان معدل,ارتوپد,,,,,,,,خوش اخلاق
8/30/2024 14:53:50,سلام، من زیاد خرو و پف میکنم یک دکتر متخصص در اصفهان محله دولت آباد برخوار ترجیحا خانم و به صورت حضوری و بیمه خدمات درمانی و خوش اخلاق میخواهم,,خرو و پف,اصفهان,دولت آباد برخوار,,خانم,,متخصص,حضوری,خدمات درمانی,,,خوش اخلاق
8/30/2024 14:59:17,یک متخصص خانم طب سوزنی برای لاغری در بزرگمهر اصفهان می خوام به صورت آنلاین تا فردا و با معطلی کم و بیمه تامین اجتماعی نیز قبول کند.,,لاغری,اصفهان,بزرگمهر,طب سوزنی,خانم,,متخصص,آنلاین,تامین اجتماعی,فردا,کم,
8/30/2024 17:21:21,سلام. یک متخصص قلب خانم  تو اصفهان محدوده بزرگمهر برام پیدا کن که فردا بهم نوبت بده و تو مطب نوار قلب بگیره و معطلیش کمتر نیم ساعت باشه و با تامین اجتماعی قرارداد داشته باشه ,,,اصفهان,بزرگمهر,قلب,خانم,نوار قلب,متخصص,,تامین اجتماعی,فردا,کمتر نیم ساعت,
0,دست چپم درد میکنه یه خانم دکتر آملی بهم معرفی کن که امروز معاینه ام کنه,,دست چپ درد,آمل,,,خانم,معاینه,,,,امروز,,
8/30/2024 18:18:15,سلام یک پزشک متخصص تو رشته ورزشی میخوام واسه رفع گودی کمرم.,,گودی کمر,اصفهان ,دولت اباد ,طب ورزشی,اقا ,حرکات اصلاحی ,متخصص,انلاین ,تامین اجتماعی ,یک هفته ,,خوش برخورد 
8/30/2024 23:06:46,سلام. یک متخصص گوش وحلق و بینی با تجربه باشه که زود نوبت بده را تو اصفهان برام پیدا کن,,گوش درد,اصفهان ,اصفهان ,گوش و حلق و بینی ,فرقی نمی کند ,معاینه گوش,متخصص ,حضوری ,تأمین اجتماعی ,امروز و فردا,خیلی کم,خوش اخلاق 
8/30/2024 23:18:03,سلام، یه فوق تخصص ریه تو اصفهان زود نوبت بده وتو مطب معطل نشیم,,سرما خوردگی و سرف زیاد,اصفهان ,خیابان آمادگاه ,ریه,فرقی نداره,نوار از ریه,فوق تخصص,حضوری,تأمین اجتماعی ,امروز و فردا ,خیلی کم,خوش اخلاق 
8/31/2024 0:43:04,سلام. یه متخصص تغذیه خانم میخوام اصفهان سمت دروازه شیراز که کارش خیلی خوب باشه و سریع لاغر بشم,,,اصفهان,دروازه شیراز,تغذیه,خانم,لاغری,متخصص,,,,,
8/31/2024 8:04:06,سلام یک دندان پزشک ارتودنسی میخوام که میزان انتظار توی مطبش کمتر از نیم ساعت باشه و شلوغ نباشه,,,,,دندان پزشکی ,,ارتودنسی,,,,,کمتر از نیم ساعت,
8/31/2024 8:07:08,سلام یک دکتر عمومی خوش اخلاق تو محدوده احمدآباد اصفهان برای سرماخوردگی میخوام که فردا بهم نوبت بده.,,سرماخوردگی,اصفهان,احمدآباد,,,,عمومی,,,فردا,,خوش اخلاق
8/31/2024 8:08:55,یک دکتر فوق تخصص مغز و اعصاب خانم با ویزیت حضوری و اولین نوبت شنبه صبح می‌خوام. ,,,,,مغز و اعصاب,,,فوق تخصص,حضوری,,شنبه صبح,,
8/31/2024 9:47:18,من پوکی استخوان دارم و به دنبال یک فوق متخصص آقا ارتوپدی در شهر خوزستان هستم که برای فردا ویزیت حضوری داشته باشد و بیمه تامین اجتماعی داشته باشد. ,,پوکی استخوان ,خوزستان,,ارتوپدی,آقا,,فوق متخصص,حضوری,تامین اجتماعی,فردا,,
8/31/2024 9:49:23,من دیابت دارم و به دنبال یک فوق تخصص خانم غدد درون‌ریز در شهر شیراز هستم که برای پس‌فردا ویزیت حضوری داشته باشد و بیمه سلامت ایرانیان قبول کند.,,دیابت,شیراز,,غدد درون ریز,زن,,فوق تخصص,حضوری,سلامت ایرانیان,پس فردا,,
8/31/2024 9:51:47,من از مشکل میگرن رنج می‌برم و به دنبال یک متخصص مغز و اعصاب زن در ونک تهران هستم که بتواند امروز یا فردا من را به صورت حضوری ویزیت کند و بیمه تکمیلی ایران را هم بپذیرد.,,میگرن,تهران,ونک,مغز و اعصاب,زن,,تخصص,حضوری,تکمیلی ایران,امروز یا فردا,,
8/31/2024 9:57:23,نیاز به یک پزشک عمومی آقا در اردبیل دارم که در اسرع وقت ویزیت مجازی انجام دهد و بیمه نیرو مسلح را هم بپذیرد، زیرا به تازگی با مشکل فشار خون بالا مواجه شده‌ام.,,فشار خون بالا,اردبیل,چهارباغ,عمومی,آقا,,,مجازی,نیرو مسلح,اسرع وقت,,
8/31/2024 10:06:04,یه دکتر زن فوق تخصص داخلی تو اهواز می‌خوام که تو همین هفته وقت بده و معطلی کمتر از نیم ساعت داشته باشه و بیمه پارسیان رو هم بپذیره، چون مشکلات گوارشی دارم و باید حتماً چک بشم.,,گوارشی,اهواز,,داخلی,زن,,فوق تخصص,,پارسیان,همین هفته,کمتر از نیم ساعت ,
8/31/2024 12:27:42,سلام. من یه خانم دکتر مهربان برای دندان پزشکی کودکان میخوام که بیمه سلامت رو قبول کنه و زمان انتظار توی مطبش کمتر از یک ساعت باشه,,,,,دندان پزشکی,خانم,,,,بیمه سلامت ,,کمتر از یک ساعت,مهربان
8/31/2024 12:30:01,یک روانشناس اخلاق مدار برای درمان افسردگی در اصفهان محدوده هزار جریب میخوام,,افسردگی,اصفهان,هزار جریب,,,درمان افسردگی,,,,,,اخلاق مدار
8/31/2024 12:31:31,سلام. یک روانشناس خانم در تهران برای ترک اعتیاد می‌خوام ,,اعتیاد,تهران,,روانشناس,خانم,ترک اعتیاد,,,,,,
8/28/2024 20:15:07,سلام یک چشم پزشک خوب تو شیراز سمت ارم پیدا کن که کار لیزر انجام بده و خوش اخلاق باشه ,"O,O,B-spy,I-spy",,شیراز ,ارم,چشم پزشک,,لیزر,,,,,,خوش اخلاق
8/29/2024 20:15:07,سلام یک دکتر اطفال خوب در مشهد پیدا کن,"O,O,O,B-spy,B-trt,O,B-cty,O,O",,مشهد,,اطفال,,,,,,,,خوب
,"O': 0,",,,,,,,,,,,,,
,"B-apt': 1,",اولین نوبت آزاد,,,,,,,,,,,,
,"I-apt': 2,",اولین نوبت آزاد,,,,,,,,,,,,
,"B-cty': 3,",شهر,,,,,,,,,,,,
,"I-cty': 4,",شهر,,,,,,,,,,,,
,"B-cdn': 5,",مشکل,,,,,,,,,,,,
,"I-cdn': 6,",مشکل,,,,,,,,,,,,
,"B-gnd': 7,",جنسیت,,,,,,,,,,,,
,"I-gnd': 8,",جنسیت,,,,,,,,,,,,
,"B-inc': 9,",بیمه,,,,,,,,,,,,
,"I-inc': 10,",بیمه,,,,,,,,,,,,
,"B-nhd': 11,",محله,,,,,,,,,,,,
,"I-nhd': 12,",محله,,,,,,,,,,,,
,"B-srt': 13,",درجه علمی,,,,,,,,,,,,
,"I-srt': 14,",درجه علمی,,,,,,,,,,,,
,"B-src': 15,",خدمت,,,,,,,,,,,,
,"I-src': 16,",خدمت,,,,,,,,,,,,
,"B-spy': 17,",تخصص,,,,,,,,,,,,
,"I-spy': 18,",تخصص,,,,,,,,,,,,
,"B-trt': 19,",ویژگی,,,,,,,,,,,,
,"I-trt': 20,",ویژگی,,,,,,,,,,,,
,"B-vtp': 21,",نوع ویزیت,,,,,,,,,,,,
,"I-vtp': 22,",نوع ویزیت,,,,,,,,,,,,
,"B-wtt': 23,",زمان انتظار,,,,,,,,,,,,
,I-wtt': 24,زمان انتظار,,,,,,,,,,,,